{
    "loss": 11.321439743041992,
    "accuracy": 0.5035971403121948
}
1