{
    "loss": 2.1527278423309326,
    "accuracy": 0.48201438784599304
}