{
    "loss": 1.6239511966705322,
    "accuracy": 0.8273381590843201
}