{
    "loss": 25.2482967376709,
    "accuracy": 0.5467625856399536
}