{
    "loss": 1.3228031396865845,
    "accuracy": 0.8417266011238098
}