{
    "loss": 0.3685198426246643,
    "accuracy": 0.9136690497398376
}