{
    "loss": 0.6534267663955688,
    "accuracy": 0.8920863270759583
}