{
    "loss": 0.6682844758033752,
    "accuracy": 0.8561151027679443
}