{
    "loss": 0.44250765442848206,
    "accuracy": 0.8992805480957031
}