{
    "loss": 21.062267303466797,
    "accuracy": 0.5035971403121948
}