{
    "loss": 16.532899856567383,
    "accuracy": 0.48201438784599304
}