{
    "loss": 2.478595018386841,
    "accuracy": 0.568345308303833
}