{
    "loss": 3.5568783283233643,
    "accuracy": 0.6906474828720093
}