{
    "loss": 2.370995283126831,
    "accuracy": 0.6834532618522644
}