{
    "loss": 16.660776138305664,
    "accuracy": 0.5467625856399536
}