{
    "loss": 0.8758366107940674,
    "accuracy": 0.2949640154838562
}