{
    "loss": 1.5481969118118286,
    "accuracy": 0.7410072088241577
}