{
    "loss": 27.662120819091797,
    "accuracy": 0.546762585639953
}